"origin_node","destination_node","improvement","p_value"
"subredditdrama","subredditdrama",41862.9457372284,0
"bestof","bestof",32727.0467004946,0
"askreddit","askreddit",26517.4852789402,0
"subredditdrama","iama",9448.68814574342,0
"subredditdrama","todayilearned",9157.52121120546,0
"subredditdrama","titlegore",8750.80681405793,0
"subredditdrama","funny",8604.76919865655,0
"subredditdrama","pics",8320.89892437392,0
"subredditdrama","shitredditsays",7359.016456335,0
"subredditdrama","videos",6830.67217225119,0
"subredditdrama","worldnews",6711.89821831528,0
"subredditdrama","bestof",6589.14989707481,0
"subredditdrama","shitpost",6312.72273771247,0
"askreddit","drama",6244.78495615614,0
"bestof","subredditdrama",5853.87229140941,0
"askreddit","the_donald",5776.84232171577,0
"subredditdrama","askreddit",5753.47015010821,0
"subredditdrama","circlebroke2",5459.63359256117,0
"subredditdrama","gaming",5394.85013767383,0
"subredditdrama","news",5286.81117408451,0
"subredditdrama","switcharoo",4748.13089877303,0
"bestof","iama",4700.84318466176,0
"bestof","conspiracy",4629.96971699003,0
"bestof","todayilearned",4552.09120217419,0
"askreddit","politics",4424.29526925801,0
"askreddit","bestof",4217.21649199285,0
"askreddit","pics",4123.20373489483,0
"subredditdrama","bitcoin",4103.98354698781,0
"bestof","titlegore",4019.39644442741,0
"bestof","funny",4005.55465612076,0
"subredditdrama","wtf",3802.6611496374,0
"askreddit","shitamericanssay",3798.65557813934,0
"bestof","videos",3600.80978948788,0
"askreddit","shitredditsays",3547.95940621024,0
"subredditdrama","shitstatistssay",3540.30557889385,0
"askreddit","subredditdrama",3537.73928227315,0
"subredditdrama","adviceanimals",3454.15374774498,0
"subredditdrama","hailcorporate",3238.69718015835,0
"askreddit","worldnews",3228.40013020051,0
"askreddit","iama",3120.83430711904,0
"bestof","askreddit",3116.28338799328,0
"subredditdrama","science",3104.01593592682,0
"askreddit","fitnesscirclejerk",3036.74325905822,0
"subredditdrama","sandersforpresident",3022.04542209663,0
"bestof","gifs",2974.95067114661,0
"peoplewhosayheck","peoplewhosayheck",2963.51444070551,0.00425274578303658
"askreddit","switcharoo",2904.53412562349,0
"subredditdrama","the_donald",2813.35823484102,0
"bestof","drama",2811.99580105946,0
"bestof","circlebroke2",2811.02768995837,0
"subredditdrama","pcmasterrace",2772.1758802794,0
"askreddit","todayilearned",2754.7103871779,0
"subredditdrama","conspiracy",2630.14855527699,0
"askreddit","movies",2626.20381882787,0
"subredditdrama","badphilosophy",2594.54508824098,0
"askreddit","shitpost",2584.30028589298,0
"askreddit","showerthoughts",2580.84580113617,0
"bestof","pics",2531.3871757598,0
"bestof","gaming",2508.9898745795,0
"askreddit","titlegore",2426.21842926098,0
"subredditdrama","anarcho_capitalism",2425.24277216468,0
"askreddit","news",2298.39399185817,0
"subredditdrama","explainlikeimfive",2297.90660972264,0
"subredditdrama","theydidthemath",2285.32654359108,0
"bestof","dogecoin",2238.53008015352,1.11022302462516e-16
"askreddit","funny",2202.9123077961,0
"bestof","shitredditsays",2197.75903206941,0
"bestof","soccer",2178.79631982963,0
"askreddit","atheism",2136.79590136398,0
"subredditdrama","shitamericanssay",2130.47211357312,0
"bestof","politics",2119.46349289374,0
"subredditdrama","nfl",2114.68455910629,0
"askreddit","shitstatistssay",2112.60481548965,0
"subredditdrama","technology",2109.3546022713,0
"askreddit","circlebroke2",2080.03017894905,0
"bestof","hailcorporate",1998.67913290425,8.88178419700125e-16
"askreddit","shitliberalssay",1958.38509386617,8.39328606616618e-14
"subredditdrama","mildlyinteresting",1936.89132758727,0
"subredditdrama","leagueoflegends",1925.47890396311,0
"bestof","wtf",1912.5330196377,0
"iama","subredditdrama",1900.7994157406,0
"bestof","adviceanimals",1897.00861625795,0
"bestof","hockey",1865.51425942076,6.66133814775094e-16
"bestof","worldnews",1796.25396310288,0
"bestof","shitpost",1793.71819016285,0
"halfnakedwomen","halfnakedwomen",1763.07318634812,0.169449746473672
